artist_normalized,score_spotify,presence_count_spotify,presence_vector_str_spotify,rank_Jan_sp,rank_Feb_sp,rank_Mar_sp,global_rank_spotify,score_youtube,presence_count_youtube,presence_vector_str_youtube,rank_Jan_yt,rank_Feb_yt,rank_Mar_yt,global_rank_youtube,in_dataset,artist_name_seed,featured_only_spotify,featured_only_youtube,score_combined,global_rank_combined,trend_spotify,trend_youtube,first_chart_week_spotify,total_weeks_spotify,first_chart_week_youtube,total_weeks_youtube
1kilo,0.018348,3.0,"(1,1,1)",199.0,166.0,137.0,122.0,0.019608,1.0,"(0,0,1)",,,51.0,103.0,False,,False,False,0.037956000000000004,117,rising,single,2026-01-29,8.0,2026-04-02,1.0
2zdinizz,0.031282,3.0,"(1,1,1)",180.0,99.0,64.0,74.0,0.015152,1.0,"(0,0,1)",,,66.0,117.0,False,,False,False,0.046433999999999996,101,rising,single,2026-01-29,10.0,2026-03-26,2.0
3 doors down,,,,,,,,0.011111,1.0,"(0,1,0)",,90.0,,148.0,False,,False,False,0.011111,246,absent,single,,,2026-02-12,1.0
acdc,0.005988,1.0,"(0,0,1)",,,167.0,188.0,,,,,,,,False,,False,False,0.005988,274,single,absent,2026-03-05,2.0,,
afinho do fluxo,,,,,,,,0.056034,3.0,"(1,1,1)",44.0,51.0,73.0,51.0,False,,False,False,0.056034,90,absent,falling,,,2026-01-08,11.0
agroplay,0.16272,3.0,"(1,1,1)",11.0,17.0,77.0,17.0,,,,,,,,False,,False,False,0.16272,30,falling,absent,2026-01-08,13.0,,
alex warren,0.026822,3.0,"(1,1,1)",123.0,107.0,107.0,90.0,,,,,,,,False,,False,False,0.026822,145,stable,absent,2026-01-08,13.0,,
alexsander lucio,0.019922,3.0,"(1,1,1)",171.0,150.0,135.0,115.0,,,,,,,,False,,False,False,0.019922,179,rising,absent,2026-01-22,10.0,,
amado batista,,,,,,,,0.010309,1.0,"(0,0,1)",,,97.0,161.0,False,,False,False,0.010309,259,absent,single,,,2026-04-02,1.0
ana castela,0.011729,2.0,"(1,1,0)",154.0,191.0,,158.0,0.016393,1.0,"(1,0,0)",61.0,,,109.0,False,,False,False,0.028122,141,fading,single,2026-01-08,6.0,2026-01-08,3.0
anavitoria,0.021139,3.0,"(1,1,1)",159.0,146.0,125.0,110.0,,,,,,,,False,,False,False,0.021139,172,rising,absent,2026-01-15,12.0,,
anderson neiff,,,,,,,,0.012658,1.0,"(1,0,0)",79.0,,,132.0,False,,False,False,0.012658,230,absent,single,,,2026-01-29,1.0
andrielly souza,,,,,,,,0.030303,1.0,"(0,0,1)",,,33.0,78.0,False,,False,False,0.030303,134,absent,single,,,2026-03-12,4.0
angelica azevedo,,,,,,,,0.022225,2.0,"(0,1,1)",,91.0,89.0,96.0,False,,False,False,0.022225,164,absent,new,,,2026-02-05,6.0
anitta,0.132732,3.0,"(1,1,1)",19.0,17.0,47.0,22.0,0.036039,2.0,"(1,1,0)",56.0,55.0,,70.0,False,,False,False,0.168771,29,falling,fading,2026-01-08,13.0,2026-01-15,7.0
ariis,,,,,,,,0.065742,3.0,"(1,1,1)",43.0,43.0,52.0,43.0,False,,False,False,0.065742,77,absent,falling,,,2026-01-08,10.0
atlxs,,,,,,,,0.056412,3.0,"(1,1,1)",50.0,57.0,53.0,50.0,False,,False,False,0.056412,89,absent,stable,,,2026-01-08,13.0
aurelina dourado,,,,,,,,0.015152,1.0,"(0,0,1)",,,66.0,116.0,False,,False,False,0.015152,207,absent,single,,,2026-03-26,1.0
azzy,,,,,,,,0.011905,1.0,"(1,0,0)",84.0,,,138.0,False,,False,False,0.011905,238,absent,single,,,2026-01-15,2.0
bad bunny,0.092262,2.0,"(0,1,1)",,14.0,48.0,33.0,0.023256,1.0,"(0,1,0)",,43.0,,89.0,False,,False,False,0.115518,47,new,single,2026-02-05,9.0,2026-02-12,3.0
bell marques,,,,,,,,0.022222,1.0,"(0,1,0)",,45.0,,97.0,False,,False,False,0.022222,166,absent,single,,,2026-02-19,1.0
benson boone,0.010782,2.0,"(0,1,1)",,187.0,184.0,164.0,,,,,,,,False,,False,False,0.010782,250,new,absent,2026-02-05,4.0,,
billie eilish,0.005587,1.0,"(0,1,0)",,179.0,,191.0,,,,,,,,False,,False,False,0.005587,277,single,absent,2026-02-05,2.0,,
biurifol,,,,,,,,0.022759,2.0,"(0,1,1)",,79.0,99.0,93.0,False,,False,False,0.022759,160,absent,new,,,2026-02-19,3.0
bk,0.01587,2.0,"(0,1,1)",,200.0,92.0,132.0,,,,,,,,False,,False,False,0.01587,202,new,absent,2026-02-26,6.0,,
blackpink,0.007937,1.0,"(0,0,1)",,,126.0,176.0,0.025641,1.0,"(0,0,1)",,,39.0,85.0,False,,False,False,0.033578,128,single,single,2026-03-05,1.0,2026-03-05,1.0
bob sinclar,0.005556,1.0,"(0,0,1)",,,180.0,192.0,,,,,,,,False,,False,False,0.005556,279,single,absent,2026-03-05,1.0,,
brandao85,0.020746,3.0,"(1,1,1)",117.0,155.0,174.0,112.0,,,,,,,,False,,False,False,0.020746,176,falling,absent,2026-01-08,8.0,,
brenno matheus,0.043478,1.0,"(1,0,0)",23.0,,,59.0,,,,,,,,False,,False,False,0.043478,103,single,absent,2026-01-08,3.0,,
bruno barretto,0.011436,2.0,"(1,1,0)",162.0,190.0,,160.0,,,,,,,,False,,False,False,0.011436,242,fading,absent,2026-01-08,5.0,,
bruno mars,0.012123,2.0,"(1,0,1)",153.0,,179.0,155.0,0.028589,2.0,"(1,0,1)",82.0,,61.0,81.0,False,,False,False,0.040712,109,intermittent,intermittent,2026-01-15,3.0,2026-01-15,2.0
bts,1.0,1.0,"(0,0,1)",,,1.0,6.0,0.166667,1.0,"(0,0,1)",,,6.0,16.0,False,,False,False,1.166667,7,single,single,2026-03-19,3.0,2026-03-26,2.0
charlie brown jr,0.025949,3.0,"(1,1,1)",129.0,122.0,100.0,92.0,,,,,,,,False,,False,False,0.025949,148,rising,absent,2026-01-08,13.0,,
cjnobeat,0.025042,3.0,"(1,1,1)",102.0,105.0,175.0,94.0,0.093613,3.0,"(1,1,1)",28.0,31.0,39.0,31.0,True,cjnobeat,False,False,0.118655,45,falling,falling,2026-01-08,11.0,2026-01-08,13.0
clayton,,,,,,,,0.019608,1.0,"(1,0,0)",51.0,,,102.0,False,,False,False,0.019608,182,absent,single,,,2026-01-08,4.0
clayton romario,0.05235,3.0,"(1,1,1)",59.0,57.0,56.0,51.0,,,,,,,,False,,False,False,0.05235,94,stable,absent,2026-01-08,13.0,,
countrybeat,0.013514,1.0,"(0,0,1)",,,74.0,146.0,,,,,,,,False,,False,False,0.013514,221,single,absent,2026-03-05,5.0,,
cristiano araujo,0.015012,2.0,"(0,1,1)",,192.0,102.0,135.0,,,,,,,,False,,False,False,0.015012,208,new,absent,2026-02-26,6.0,,
danado do recife,,,,,,,,0.020408,1.0,"(0,0,1)",,,49.0,101.0,False,,False,False,0.020408,177,absent,single,,,2026-03-12,4.0
danilo e davi,0.124656,3.0,"(1,1,1)",21.0,25.0,27.0,25.0,,,,,,,,False,,False,False,0.124656,41,falling,absent,2026-01-08,13.0,,
dave,0.005435,1.0,"(0,0,1)",,,184.0,196.0,0.011236,1.0,"(0,0,1)",,,89.0,145.0,False,,False,False,0.016671,196,single,single,2026-03-26,2.0,2026-04-02,1.0
delacruz,0.014771,2.0,"(0,1,1)",,145.0,127.0,137.0,0.032258,1.0,"(1,0,0)",31.0,,,75.0,False,,False,False,0.047029,99,new,single,2026-02-05,9.0,2026-01-15,3.0
desejo de menina,,,,,,,,0.013158,1.0,"(0,0,1)",,,76.0,128.0,False,,False,False,0.013158,226,absent,single,,,2026-03-05,5.0
dexhenry,0.113166,3.0,"(1,1,1)",19.0,24.0,53.0,27.0,,,,,,,,False,,False,False,0.113166,49,falling,absent,2026-01-08,13.0,,
dg e batidao stronda,0.021216,3.0,"(1,1,1)",106.0,148.0,199.0,109.0,,,,,,,,False,,False,False,0.021216,171,falling,absent,2026-01-08,9.0,,
diego,,,,,,,,0.239261,3.0,"(1,1,1)",11.0,14.0,13.0,12.0,False,,False,False,0.239261,20,absent,falling,,,2026-01-08,9.0
diego arnaldo,0.051923,3.0,"(1,1,1)",49.0,55.0,75.0,53.0,,,,,,,,False,,False,False,0.051923,96,falling,absent,2026-01-08,13.0,,
diego victor hugo,0.204657,3.0,"(1,1,1)",12.0,17.0,16.0,14.0,,,,,,,,True,Diego & Victor Hugo,False,False,0.204657,24,falling,absent,2026-01-08,13.0,,
diggo,0.007519,1.0,"(0,1,0)",,133.0,,178.0,0.010417,1.0,"(0,0,1)",,,96.0,159.0,False,,False,False,0.017936,189,single,single,2026-02-19,1.0,2026-04-02,1.0
dj asul,,,,,,,,0.038889,2.0,"(0,1,1)",,60.0,45.0,67.0,False,,False,False,0.038889,115,absent,new,,,2026-02-26,5.0
dj caio vieira,0.104412,3.0,"(1,1,1)",20.0,34.0,40.0,30.0,,,,,,,,False,,False,False,0.104412,56,falling,absent,2026-01-08,13.0,,
dj duarte,0.033882,3.0,"(1,1,1)",67.0,87.0,134.0,70.0,0.030062,2.0,"(1,1,0)",58.0,78.0,,79.0,False,,False,False,0.063944,80,falling,fading,2026-01-08,11.0,2026-01-08,6.0
dj glenner,,,,,,,,0.013333,1.0,"(1,0,0)",75.0,,,127.0,False,,False,False,0.013333,223,absent,single,,,2026-01-08,1.0
dj gm,0.014493,1.0,"(1,0,0)",69.0,,,141.0,,,,,,,,False,,False,False,0.014493,212,single,absent,2026-01-08,4.0,,
dj gu,1.166667,2.0,"(0,1,1)",,6.0,1.0,4.0,,,,,,,,False,,False,False,1.166667,8,new,absent,2026-02-19,7.0,,
dj gustomares,0.013252,2.0,"(1,1,0)",137.0,168.0,,148.0,,,,,,,,False,,False,False,0.013252,224,fading,absent,2026-01-08,5.0,,
dj guuh,0.029616,3.0,"(1,1,1)",80.0,103.0,135.0,79.0,,,,,,,,False,,False,False,0.029616,135,falling,absent,2026-01-08,11.0,,
dj japa nk,3.0,3.0,"(1,1,1)",1.0,1.0,1.0,1.0,1.583333,3.0,"(1,1,1)",1.0,3.0,4.0,3.0,True,DJ Japa NK,False,False,4.583333,2,stable,falling,2026-01-08,13.0,2026-01-08,13.0
dj jhow beats,0.010417,1.0,"(0,0,1)",,,96.0,167.0,,,,,,,,False,,False,False,0.010417,257,single,absent,2026-03-19,3.0,,
dj kn de vila velha,,,,,,,,0.013514,1.0,"(0,0,1)",,,74.0,126.0,False,,False,False,0.013514,222,absent,single,,,2026-03-19,3.0
dj luan gomes,0.136885,3.0,"(1,1,1)",101.0,18.0,14.0,20.0,0.133929,2.0,"(0,1,1)",,16.0,14.0,23.0,False,,False,False,0.270814,16,rising,new,2026-01-08,13.0,2026-02-05,9.0
dj mtn,0.021256,3.0,"(1,1,1)",153.0,115.0,166.0,108.0,0.021179,2.0,"(0,1,1)",,97.0,92.0,99.0,False,,False,False,0.042435,105,stable,new,2026-01-29,6.0,2026-02-12,4.0
dj nathi,,,,,,,,0.0125,1.0,"(0,0,1)",,,80.0,133.0,False,,False,False,0.0125,231,absent,single,,,2026-03-26,1.0
dj oreia,0.434524,3.0,"(1,1,1)",8.0,6.0,7.0,9.0,1.833333,3.0,"(1,1,1)",3.0,2.0,1.0,2.0,True,DJ Oreia,False,False,2.2678570000000002,3,stable,rising,2026-01-08,13.0,2026-01-08,13.0
dj samir,,,,,,,,0.012048,1.0,"(1,0,0)",83.0,,,137.0,False,,False,False,0.012048,236,absent,single,,,2026-01-08,3.0
dj slk sucessada,,,,,,,,0.015873,1.0,"(0,0,1)",,,63.0,111.0,False,,False,False,0.015873,199,absent,single,,,2026-03-26,2.0
dj topo,0.025833,3.0,"(1,1,1)",172.0,80.0,133.0,93.0,,,,,,,,False,,False,False,0.025833,149,rising,absent,2026-01-08,9.0,,
dj yan marioto,0.038126,2.0,"(0,1,1)",,54.0,51.0,64.0,0.033224,2.0,"(0,1,1)",,54.0,68.0,74.0,False,,False,False,0.07135,73,new,new,2026-02-05,9.0,2026-02-05,8.0
dj yuri pedrada,0.051825,3.0,"(1,1,1)",54.0,51.0,73.0,54.0,,,,,,,,False,,False,False,0.051825,97,falling,absent,2026-01-08,13.0,,
dj yuzak,0.030405,3.0,"(1,1,1)",73.0,96.0,159.0,77.0,,,,,,,,False,,False,False,0.030405,133,falling,absent,2026-01-08,10.0,,
dj zigao,0.055661,3.0,"(1,1,1)",42.0,54.0,75.0,45.0,0.027778,2.0,"(1,1,0)",60.0,90.0,,82.0,False,,False,False,0.083439,66,falling,fading,2026-01-08,13.0,2026-01-08,6.0
djo,0.046173,3.0,"(1,1,1)",42.0,74.0,113.0,58.0,0.015873,1.0,"(1,0,0)",63.0,,,113.0,False,,False,False,0.062046000000000004,83,falling,single,2026-01-08,13.0,2026-01-08,3.0
dominic fike,0.02868,2.0,"(0,1,1)",,168.0,44.0,84.0,,,,,,,,False,,False,False,0.02868,139,new,absent,2026-02-26,6.0,,
drops ina,0.0214,3.0,"(1,1,1)",157.0,156.0,116.0,107.0,0.017857,1.0,"(0,0,1)",,,56.0,108.0,False,,False,False,0.039257,113,rising,single,2026-01-08,12.0,2026-03-19,2.0
edi rock,,,,,,,,0.021494,2.0,"(1,0,1)",87.0,,100.0,98.0,False,,False,False,0.021494,170,absent,intermittent,,,2026-01-22,2.0
eduardinho dos teclados,,,,,,,,0.035104,2.0,"(0,1,1)",,63.0,52.0,72.0,False,,False,False,0.035104,124,absent,new,,,2026-02-12,8.0
el de las rs,0.005319,1.0,"(0,0,1)",,,188.0,197.0,,,,,,,,False,,False,False,0.005319,282,single,absent,2026-04-02,1.0,,
emilly vick,,,,,,,,0.091136,3.0,"(1,1,1)",33.0,25.0,48.0,32.0,False,,False,False,0.091136,63,absent,falling,,,2026-01-08,10.0
enzo rabelo,0.009259,1.0,"(1,0,0)",108.0,,,170.0,,,,,,,,False,,False,False,0.009259,263,single,absent,2026-01-22,2.0,,
eric land,0.006711,1.0,"(1,0,0)",149.0,,,181.0,,,,,,,,False,,False,False,0.006711,270,single,absent,2026-01-08,2.0,,
felipe,,,,,,,,0.0578,3.0,"(1,1,1)",75.0,46.0,44.0,47.0,False,,False,False,0.0578,86,absent,rising,,,2026-01-08,13.0
felipe amorim,0.052537,3.0,"(1,1,1)",33.0,65.0,146.0,50.0,,,,,,,,False,,False,False,0.052537,93,falling,absent,2026-01-08,11.0,,
felipe e rodrigo,0.136204,3.0,"(1,1,1)",28.0,24.0,17.0,21.0,,,,,,,,True,Felipe e Rodrigo,False,False,0.136204,38,rising,absent,2026-01-08,13.0,,
felipe rodrigues,0.006849,1.0,"(0,0,1)",,,146.0,180.0,0.177427,3.0,"(1,1,1)",38.0,25.0,9.0,14.0,False,,False,False,0.184276,26,single,rising,2026-03-05,5.0,2026-01-08,13.0
fernandinho,0.012274,2.0,"(0,1,1)",,173.0,154.0,154.0,0.095145,3.0,"(1,1,1)",34.0,32.0,29.0,30.0,False,,False,False,0.10741899999999999,55,new,stable,2026-02-12,7.0,2026-01-08,12.0
fernando sorocaba,0.022286,2.0,"(1,0,1)",125.0,,70.0,100.0,,,,,,,,False,,False,False,0.022286,163,intermittent,absent,2026-01-08,5.0,,
ferrugem,0.054391,3.0,"(1,1,1)",68.0,79.0,37.0,47.0,0.018519,1.0,"(0,0,1)",,,54.0,106.0,False,,False,False,0.07291,71,rising,single,2026-01-08,13.0,2026-03-19,3.0
fhop music,0.024002,3.0,"(1,1,1)",134.0,124.0,118.0,96.0,,,,,,,,False,,False,False,0.024002,153,stable,absent,2026-01-08,13.0,,
filho do piseiro,0.047311,2.0,"(0,1,1)",,113.0,26.0,55.0,0.064568,2.0,"(0,1,1)",,59.0,21.0,44.0,False,,False,False,0.111879,51,new,new,2026-02-12,8.0,2026-02-19,7.0
filipe ret,,,,,,,,0.0125,1.0,"(1,0,0)",80.0,,,134.0,False,,False,False,0.0125,232,absent,single,,,2026-01-22,1.0
gabriel fidelis,,,,,,,,0.012195,1.0,"(1,0,0)",82.0,,,136.0,False,,False,False,0.012195,235,absent,single,,,2026-01-08,1.0
gabriel guedes de almeida,0.027051,3.0,"(1,1,1)",117.0,119.0,99.0,89.0,,,,,,,,False,,False,False,0.027051,144,rising,absent,2026-01-08,13.0,,
gabriela gomes,,,,,,,,0.015385,1.0,"(0,0,1)",,,65.0,115.0,False,,False,False,0.015385,205,absent,single,,,2026-03-26,1.0
gerson rufino,,,,,,,,0.01,1.0,"(0,0,1)",,,100.0,165.0,False,,False,False,0.01,262,absent,single,,,2026-04-02,1.0
get worship,0.029419,3.0,"(1,1,1)",89.0,111.0,109.0,81.0,0.107778,3.0,"(1,1,1)",25.0,25.0,36.0,28.0,False,,False,False,0.137197,37,falling,falling,2026-01-08,11.0,2026-01-08,13.0
gloria groove,0.005525,1.0,"(0,1,0)",,181.0,,194.0,,,,,,,,False,,False,False,0.005525,280,single,absent,2026-02-19,1.0,,
gordinho bolado,,,,,,,,0.011236,1.0,"(1,0,0)",89.0,,,144.0,False,,False,False,0.011236,243,absent,single,,,2026-01-08,2.0
grupo chocolate,0.078766,3.0,"(1,1,1)",16.0,90.0,194.0,35.0,0.04342,2.0,"(1,1,0)",37.0,61.0,,59.0,False,,False,False,0.122186,42,falling,fading,2026-01-08,9.0,2026-01-08,8.0
grupo menos e mais,0.516667,3.0,"(1,1,1)",4.0,6.0,10.0,8.0,0.866667,3.0,"(1,1,1)",2.0,5.0,6.0,4.0,True,Grupo Menos É Mais,False,False,1.383334,5,falling,falling,2026-01-08,13.0,2026-01-08,13.0
guilherme,,,,,,,,0.012346,1.0,"(0,0,1)",,,81.0,135.0,False,,False,False,0.012346,234,absent,single,,,2026-04-02,1.0
guilherme benuto,0.062286,3.0,"(1,1,1)",45.0,48.0,52.0,40.0,,,,,,,,False,,False,False,0.062286,82,falling,absent,2026-01-08,13.0,,
guns n roses,0.024149,3.0,"(1,1,1)",149.0,131.0,102.0,95.0,0.023075,2.0,"(0,1,1)",,96.0,79.0,91.0,False,,False,False,0.047224,98,rising,new,2026-01-08,13.0,2026-02-26,6.0
gustavo mioto,,,,,,,,0.041829,3.0,"(1,1,1)",55.0,79.0,91.0,63.0,False,,False,False,0.041829,106,absent,falling,,,2026-01-15,9.0
gustavo moura,,,,,,,,0.016129,1.0,"(1,0,0)",62.0,,,110.0,False,,False,False,0.016129,198,absent,single,,,2026-01-15,1.0
gustavo moura rafael,0.007042,1.0,"(0,1,0)",,142.0,,179.0,,,,,,,,False,,False,False,0.007042,269,single,absent,2026-02-19,2.0,,
gusttavo lima,0.210852,3.0,"(1,1,1)",14.0,16.0,13.0,12.0,0.055267,3.0,"(1,1,1)",57.0,41.0,75.0,53.0,True,Gusttavo Lima,False,False,0.266119,17,stable,falling,2026-01-08,13.0,2026-01-08,9.0
harry styles,0.021432,2.0,"(1,0,1)",86.0,,102.0,106.0,0.014286,1.0,"(1,0,0)",70.0,,,120.0,False,,False,False,0.035718,122,intermittent,single,2026-01-29,2.0,2026-01-29,1.0
henrique,,,,,,,,0.140693,3.0,"(1,1,1)",21.0,21.0,22.0,22.0,False,,False,False,0.140693,36,absent,stable,,,2026-01-08,13.0
henrique casttro,0.018519,1.0,"(0,0,1)",,,54.0,120.0,,,,,,,,False,,False,False,0.018519,185,single,absent,2026-03-12,4.0,,
henrique diego,0.028503,3.0,"(1,1,1)",134.0,102.0,89.0,85.0,,,,,,,,False,,False,False,0.028503,140,rising,absent,2026-01-08,13.0,,
henrique juliano,0.170455,3.0,"(1,1,1)",16.0,22.0,16.0,16.0,,,,,,,,True,Henrique & Juliano,False,False,0.170455,28,stable,absent,2026-01-08,13.0,,
henry freitas,0.036584,3.0,"(1,1,1)",91.0,60.0,112.0,67.0,,,,,,,,False,,False,False,0.036584,119,falling,absent,2026-01-08,13.0,,
hugo guilherme,0.022133,3.0,"(1,1,1)",130.0,138.0,139.0,103.0,,,,,,,,False,,False,False,0.022133,168,stable,absent,2026-01-08,13.0,,
hugo henrique,0.014652,2.0,"(1,0,1)",195.0,,105.0,139.0,,,,,,,,False,,False,False,0.014652,211,intermittent,absent,2026-01-08,5.0,,
huntrx,0.010495,2.0,"(1,0,1)",182.0,,200.0,166.0,0.068182,2.0,"(1,1,0)",22.0,44.0,,41.0,False,,False,False,0.07867700000000001,67,intermittent,fading,2026-01-08,5.0,2026-01-08,5.0
hwungii,,,,,,,,0.031947,2.0,"(1,1,0)",58.0,68.0,,76.0,False,,False,False,0.031947,130,absent,fading,,,2026-01-08,8.0
isaias saad,0.005051,1.0,"(0,1,0)",,198.0,,202.0,,,,,,,,False,,False,False,0.005051,286,single,absent,2026-02-26,1.0,,
israel rodolffo,0.017613,3.0,"(1,1,1)",172.0,170.0,169.0,127.0,,,,,,,,False,,False,False,0.017613,194,stable,absent,2026-01-08,11.0,,
ivete sangalo,0.013333,1.0,"(0,1,0)",,75.0,,147.0,0.010989,1.0,"(0,1,0)",,91.0,,149.0,False,,False,False,0.024322,152,single,single,2026-02-12,2.0,2026-02-19,1.0
j eskine,0.005025,1.0,"(1,0,0)",199.0,,,206.0,0.014706,1.0,"(1,0,0)",68.0,,,119.0,False,,False,False,0.019731,180,single,single,2026-01-08,1.0,2026-01-08,2.0
jads jadson,0.011111,1.0,"(0,1,0)",,90.0,,162.0,,,,,,,,False,,False,False,0.011111,247,single,absent,2026-02-12,3.0,,
jeninho,0.010204,1.0,"(0,0,1)",,,98.0,168.0,0.010638,1.0,"(0,0,1)",,,94.0,154.0,False,,False,False,0.020842,174,single,single,2026-03-26,2.0,2026-04-02,1.0
jennifer e stephany,0.00885,1.0,"(1,0,0)",113.0,,,171.0,,,,,,,,False,,False,False,0.00885,264,single,absent,2026-01-08,3.0,,
jorge mateus,0.054302,3.0,"(1,1,1)",70.0,51.0,49.0,48.0,,,,,,,,False,,False,False,0.054302,91,rising,absent,2026-01-08,13.0,,
julliany souza,0.04297,3.0,"(1,1,1)",92.0,66.0,59.0,60.0,0.209524,3.0,"(1,1,1)",15.0,14.0,14.0,13.0,True,Julliany Souza,False,False,0.252494,18,rising,stable,2026-01-08,13.0,2026-01-08,13.0
junior e cezar,0.098807,3.0,"(1,1,1)",67.0,32.0,19.0,32.0,0.05114,3.0,"(1,1,1)",59.0,59.0,58.0,58.0,True,Júnior e Cézar,False,False,0.149947,32,rising,stable,2026-01-08,13.0,2026-01-08,13.0
kailane frauches,,,,,,,,0.034593,3.0,"(1,1,1)",93.0,87.0,81.0,73.0,False,,False,False,0.034593,125,absent,stable,,,2026-01-22,9.0
kaique e felipe,0.014085,2.0,"(1,1,0)",127.0,161.0,,143.0,,,,,,,,False,,False,False,0.014085,214,fading,absent,2026-01-08,5.0,,
kamisa 10,0.00641,1.0,"(1,0,0)",156.0,,,183.0,,,,,,,,False,,False,False,0.00641,271,single,absent,2026-01-08,3.0,,
kate bush,0.005,1.0,"(1,0,0)",200.0,,,208.0,0.012987,1.0,"(1,0,0)",77.0,,,130.0,False,,False,False,0.017987,188,single,single,2026-01-08,1.0,2026-01-08,1.0
katseye,,,,,,,,0.010526,1.0,"(0,0,1)",,,95.0,157.0,False,,False,False,0.010526,254,absent,single,,,2026-04-02,1.0
kaue mc,0.028042,2.0,"(0,1,1)",,54.0,105.0,86.0,,,,,,,,False,,False,False,0.028042,142,new,absent,2026-02-19,7.0,,
kayblack,0.030982,3.0,"(1,1,1)",77.0,81.0,177.0,76.0,,,,,,,,False,,False,False,0.030982,132,falling,absent,2026-01-08,9.0,,
kemilly santos,,,,,,,,0.108824,2.0,"(1,0,1)",20.0,,17.0,26.0,False,,False,False,0.108824,53,absent,intermittent,,,2026-01-08,6.0
kevin do recife,,,,,,,,0.010204,1.0,"(1,0,0)",98.0,,,162.0,False,,False,False,0.010204,260,absent,single,,,2026-01-08,2.0
kew,0.019147,2.0,"(0,1,1)",,75.0,172.0,119.0,0.056619,2.0,"(0,1,1)",,33.0,38.0,49.0,False,,False,False,0.075766,68,new,new,2026-02-12,5.0,2026-02-12,8.0
kiko chicabana,,,,,,,,0.010526,1.0,"(0,1,0)",,95.0,,155.0,False,,False,False,0.010526,255,absent,single,,,2026-02-19,1.0
lady gaga,0.023035,3.0,"(1,1,1)",123.0,128.0,141.0,97.0,,,,,,,,False,,False,False,0.023035,158,stable,absent,2026-01-08,13.0,,
lauana prado,0.038129,3.0,"(1,1,1)",64.0,97.0,82.0,63.0,,,,,,,,False,,False,False,0.038129,116,falling,absent,2026-01-08,13.0,,
le sserafim,,,,,,,,0.010753,1.0,"(1,0,0)",93.0,,,151.0,False,,False,False,0.010753,251,absent,single,,,2026-01-08,2.0
legiao urbana,0.039236,3.0,"(1,1,1)",80.0,90.0,64.0,62.0,,,,,,,,False,,False,False,0.039236,114,rising,absent,2026-01-08,13.0,,
lenar,,,,,,,,0.041339,2.0,"(1,1,0)",41.0,59.0,,64.0,False,,False,False,0.041339,108,absent,fading,,,2026-01-08,8.0
leo foguete,0.03272,3.0,"(1,1,1)",70.0,99.0,120.0,73.0,0.030303,1.0,"(1,0,0)",33.0,,,77.0,False,,False,False,0.063023,81,falling,single,2026-01-08,13.0,2026-01-15,1.0
leo santana,0.144117,3.0,"(1,1,1)",22.0,13.0,46.0,18.0,0.25202,3.0,"(1,1,1)",11.0,9.0,20.0,10.0,True,Léo Santana,False,False,0.396137,12,falling,falling,2026-01-08,13.0,2026-01-08,13.0
linkin park,0.012981,2.0,"(1,0,1)",167.0,,143.0,151.0,,,,,,,,False,,False,False,0.012981,229,intermittent,absent,2026-01-15,8.0,,
luan costa,,,,,,,,0.015873,1.0,"(1,0,0)",63.0,,,112.0,False,,False,False,0.015873,200,absent,single,,,2026-01-08,4.0
luan pereira,0.120128,3.0,"(1,1,1)",26.0,24.0,25.0,26.0,0.01,1.0,"(0,0,1)",,,100.0,164.0,False,,False,False,0.130128,39,stable,single,2026-01-08,13.0,2026-03-05,1.0
luan santana,0.102679,3.0,"(1,1,1)",32.0,28.0,28.0,31.0,,,,,,,,False,,False,False,0.102679,58,stable,absent,2026-01-08,13.0,,
luccas rodrigo,0.008696,1.0,"(0,0,1)",,,115.0,172.0,,,,,,,,False,,False,False,0.008696,265,single,absent,2026-03-12,3.0,,
ludmilla,0.019608,2.0,"(1,1,0)",102.0,102.0,,116.0,,,,,,,,False,,False,False,0.019608,181,fading,absent,2026-01-29,5.0,,
luisa sonza,0.015873,1.0,"(0,0,1)",,,63.0,131.0,,,,,,,,False,,False,False,0.015873,201,single,absent,2026-03-26,2.0,,
luiz lins,0.005495,1.0,"(0,0,1)",,,182.0,195.0,,,,,,,,False,,False,False,0.005495,281,single,absent,2026-03-12,2.0,,
lukao mec,0.031278,2.0,"(1,1,0)",49.0,92.0,,75.0,,,,,,,,False,,False,False,0.031278,131,fading,absent,2026-01-15,6.0,,
maiara maraisa,0.028875,3.0,"(1,1,1)",100.0,108.0,104.0,83.0,,,,,,,,False,,False,False,0.028875,138,stable,absent,2026-01-08,8.0,,
manim vaqueiro,0.017241,1.0,"(1,0,0)",58.0,,,129.0,0.054782,3.0,"(1,1,1)",43.0,53.0,79.0,54.0,False,,False,False,0.072023,72,single,falling,2026-01-08,3.0,2026-01-08,11.0
marcelinho do arrocha,,,,,,,,0.011494,1.0,"(1,0,0)",87.0,,,141.0,False,,False,False,0.011494,241,absent,single,,,2026-01-08,1.0
marco telles belohuby,,,,,,,,0.011905,1.0,"(0,1,0)",,84.0,,139.0,False,,False,False,0.011905,237,absent,single,,,2026-02-05,1.0
marcos belutti,0.00625,1.0,"(0,1,0)",,160.0,,186.0,,,,,,,,False,,False,False,0.00625,272,single,absent,2026-02-12,3.0,,
marcos fernando,0.005319,1.0,"(0,1,0)",,188.0,,198.0,,,,,,,,False,,False,False,0.005319,283,single,absent,2026-02-12,1.0,,
mari fernandez,0.128816,3.0,"(1,1,1)",21.0,18.0,39.0,24.0,0.107796,3.0,"(1,1,1)",15.0,40.0,62.0,27.0,True,Mari Fernandez,False,False,0.23661200000000002,21,falling,falling,2026-01-08,13.0,2026-01-08,13.0
maria marcal,,,,,,,,0.014925,1.0,"(0,0,1)",,,67.0,118.0,False,,False,False,0.014925,210,absent,single,,,2026-04-02,1.0
mariana pimenta,0.012987,1.0,"(0,1,0)",,77.0,,150.0,,,,,,,,False,,False,False,0.012987,228,single,absent,2026-02-05,4.0,,
marilia mendonca,0.014493,1.0,"(0,0,1)",,,69.0,140.0,0.078295,2.0,"(0,1,1)",,86.0,15.0,37.0,False,,False,False,0.09278800000000001,62,single,new,2026-03-26,2.0,2026-02-12,7.0
marilia tavares,0.005051,1.0,"(0,0,1)",,,198.0,203.0,0.013514,1.0,"(0,0,1)",,,74.0,124.0,False,,False,False,0.018564999999999998,184,single,single,2026-03-19,1.0,2026-03-12,3.0
marina sena,0.061573,3.0,"(1,1,1)",74.0,28.0,81.0,41.0,0.054707,3.0,"(1,1,1)",90.0,32.0,81.0,55.0,True,Marina Sena,False,False,0.11628,46,stable,stable,2026-01-08,13.0,2026-01-29,10.0
matheus fernandes,0.017634,2.0,"(1,1,0)",100.0,131.0,,125.0,,,,,,,,False,,False,False,0.017634,192,fading,absent,2026-01-08,6.0,,
matheus kauan,0.113054,3.0,"(1,1,1)",20.0,35.0,29.0,28.0,,,,,,,,False,,False,False,0.113054,50,falling,absent,2026-01-08,13.0,,
matheus vargas,0.06404,3.0,"(1,1,1)",37.0,44.0,70.0,39.0,,,,,,,,False,,False,False,0.06404,79,falling,absent,2026-01-08,13.0,,
matue,0.046847,3.0,"(1,1,1)",75.0,74.0,50.0,56.0,0.010204,1.0,"(0,0,1)",,,98.0,163.0,False,,False,False,0.057051,88,rising,single,2026-01-08,13.0,2026-03-05,1.0
mayke rodrigo,0.130128,3.0,"(1,1,1)",26.0,24.0,20.0,23.0,,,,,,,,False,,False,False,0.130128,40,rising,absent,2026-01-08,13.0,,
mc brinquedo,0.01,1.0,"(1,0,0)",100.0,,,169.0,,,,,,,,True,Mc Brinquedo,False,False,0.01,261,single,absent,2026-01-29,1.0,,
mc cabelinho,0.014419,2.0,"(0,1,1)",,150.0,129.0,142.0,,,,,,,,False,,False,False,0.014419,213,new,absent,2026-02-05,9.0,,
mc don juan,0.033108,3.0,"(1,1,1)",87.0,84.0,103.0,71.0,0.087124,3.0,"(1,1,1)",20.0,46.0,65.0,35.0,True,Mc Don Juan,False,False,0.12023199999999999,43,falling,falling,2026-01-08,12.0,2026-01-08,12.0
mc gp,0.561111,3.0,"(1,1,1)",4.0,5.0,9.0,7.0,0.24359,3.0,"(1,1,1)",12.0,12.0,13.0,11.0,True,MC GP,False,False,0.804701,10,falling,stable,2026-01-08,13.0,2026-01-08,13.0
mc ig,0.005051,1.0,"(0,1,0)",,198.0,,204.0,0.010417,1.0,"(0,0,1)",,,96.0,158.0,True,Mc IG,False,False,0.015467999999999999,204,single,single,2026-02-05,1.0,2026-03-26,1.0
mc iguinho ct,0.020408,1.0,"(0,0,1)",,,49.0,113.0,0.019231,1.0,"(0,0,1)",,,52.0,104.0,False,,False,False,0.039639,112,single,single,2026-03-12,4.0,2026-03-12,4.0
mc j9,0.008547,1.0,"(0,0,1)",,,117.0,174.0,0.0625,1.0,"(0,0,1)",,,16.0,45.0,False,,False,False,0.071047,74,single,single,2026-03-12,4.0,2026-03-05,5.0
mc jacare,1.353741,3.0,"(1,1,1)",49.0,3.0,1.0,3.0,0.861905,3.0,"(1,1,1)",35.0,3.0,2.0,5.0,True,Mc Jacaré,False,False,2.215646,4,rising,rising,2026-01-15,12.0,2026-01-29,10.0
mc jvila,0.010499,2.0,"(1,1,0)",192.0,189.0,,165.0,,,,,,,,False,,False,False,0.010499,256,fading,absent,2026-01-22,4.0,,
mc lele jp,0.210256,3.0,"(1,1,1)",13.0,15.0,15.0,13.0,0.477778,3.0,"(1,1,1)",5.0,6.0,9.0,6.0,True,Mc Lele JP,False,False,0.688034,11,falling,falling,2026-01-08,13.0,2026-01-08,13.0
mc leleto,,,,,,,,0.067503,3.0,"(1,1,1)",39.0,36.0,71.0,42.0,False,,False,False,0.067503,76,absent,falling,,,2026-01-08,12.0
mc leozinho zs,0.014761,2.0,"(0,1,1)",,179.0,109.0,138.0,0.08846,3.0,"(1,1,1)",44.0,29.0,32.0,34.0,True,MC Leozinho ZS,False,False,0.103221,57,new,rising,2026-02-26,6.0,2026-01-08,13.0
mc loma e as gemeas lacracao,,,,,,,,0.023141,2.0,"(0,1,1)",,89.0,84.0,90.0,False,,False,False,0.023141,157,absent,new,,,2026-02-12,6.0
mc luan da bs,,,,,,,,0.023268,2.0,"(1,0,1)",88.0,,84.0,88.0,False,,False,False,0.023268,156,absent,intermittent,,,2026-01-22,3.0
mc marks,0.005556,1.0,"(1,0,0)",180.0,,,193.0,,,,,,,,False,,False,False,0.005556,278,single,absent,2026-01-08,1.0,,
mc meno k,0.140873,3.0,"(1,1,1)",72.0,14.0,18.0,19.0,0.091097,2.0,"(0,1,1)",,21.0,23.0,33.0,True,MC Meno K,False,False,0.23197,22,rising,new,2026-01-08,13.0,2026-02-19,7.0
mc menor mt,,,,,,,,0.02439,1.0,"(0,0,1)",,,41.0,86.0,False,,False,False,0.02439,151,absent,single,,,2026-03-26,2.0
mc negao original,0.056991,3.0,"(1,1,1)",47.0,56.0,56.0,43.0,0.011364,1.0,"(0,1,0)",,88.0,,143.0,True,Mc Negão Original,False,False,0.068355,75,falling,single,2026-01-08,13.0,2026-02-12,1.0
mc paiva zs,0.00641,1.0,"(1,0,0)",156.0,,,184.0,0.027418,2.0,"(1,1,0)",75.0,71.0,,83.0,False,,False,False,0.033828000000000004,126,single,fading,2026-01-29,1.0,2026-01-29,2.0
mc ryan sp,0.012348,2.0,"(1,1,0)",160.0,164.0,,153.0,,,,,,,,True,MC Ryan SP,False,False,0.012348,233,fading,absent,2026-01-08,6.0,,
mc tuto,0.178947,3.0,"(1,1,1)",38.0,10.0,19.0,15.0,0.069844,3.0,"(1,1,1)",30.0,39.0,92.0,40.0,True,MC Tuto,False,False,0.24879099999999998,19,rising,falling,2026-01-08,13.0,2026-01-08,9.0
mc vine7,,,,,,,,0.375,2.0,"(0,1,1)",,8.0,4.0,8.0,False,,False,False,0.375,14,absent,new,,,2026-02-12,8.0
mc willian,0.052068,3.0,"(1,1,1)",56.0,57.0,60.0,52.0,,,,,,,,False,,False,False,0.052068,95,stable,absent,2026-01-08,13.0,,
michel telo,0.005,1.0,"(0,0,1)",,,200.0,207.0,,,,,,,,False,,False,False,0.005,288,single,absent,2026-04-02,1.0,,
midian lima,,,,,,,,0.013889,1.0,"(0,0,1)",,,72.0,121.0,False,,False,False,0.013889,215,absent,single,,,2026-03-19,1.0
mikeeysmind,0.013158,1.0,"(1,0,0)",76.0,,,149.0,,,,,,,,False,,False,False,0.013158,225,single,absent,2026-01-22,2.0,,
ministerio pra tua gloria,,,,,,,,0.040135,3.0,"(1,1,1)",85.0,70.0,71.0,65.0,False,,False,False,0.040135,111,absent,rising,,,2026-01-08,12.0
morada,0.053065,3.0,"(1,1,1)",71.0,58.0,46.0,49.0,0.042023,3.0,"(1,1,1)",91.0,71.0,59.0,61.0,True,MORADA,False,False,0.095088,61,rising,rising,2026-01-08,13.0,2026-01-22,10.0
mundo torajo,,,,,,,,0.052632,1.0,"(0,0,1)",,,19.0,57.0,False,,False,False,0.052632,92,absent,single,,,2026-03-12,4.0
munhoz mariano,0.008547,1.0,"(0,1,0)",,117.0,,175.0,,,,,,,,False,,False,False,0.008547,267,single,absent,2026-02-19,2.0,,
murilo huff,0.240666,3.0,"(1,1,1)",13.0,19.0,9.0,11.0,0.038377,2.0,"(1,1,0)",48.0,57.0,,68.0,False,,False,False,0.279043,15,rising,fading,2026-01-08,13.0,2026-01-08,6.0
mxzi,,,,,,,,0.011111,1.0,"(1,0,0)",90.0,,,147.0,False,,False,False,0.011111,245,absent,single,,,2026-01-08,1.0
naiara azevedo,0.008621,1.0,"(1,0,0)",116.0,,,173.0,,,,,,,,False,,False,False,0.008621,266,single,absent,2026-01-15,3.0,,
nandatsunami,0.07815,3.0,"(1,1,1)",57.0,33.0,33.0,36.0,0.041894,3.0,"(1,1,1)",92.0,63.0,66.0,62.0,True,NandaTsunami,False,False,0.120044,44,rising,rising,2026-01-15,12.0,2026-01-29,10.0
natanzinho lima,0.037199,3.0,"(1,1,1)",53.0,94.0,130.0,65.0,0.16549,3.0,"(1,1,1)",15.0,17.0,25.0,17.0,True,Natanzinho Lima,False,False,0.202689,25,falling,falling,2026-01-08,13.0,2026-01-08,13.0
natiruts,0.029802,3.0,"(1,1,1)",104.0,106.0,93.0,78.0,0.010526,1.0,"(1,0,0)",95.0,,,156.0,False,,False,False,0.040328,110,stable,single,2026-01-08,13.0,2026-01-08,1.0
nattan,0.059715,2.0,"(1,1,0)",34.0,33.0,,42.0,0.029157,2.0,"(1,1,0)",54.0,94.0,,80.0,True,NATTAN,False,False,0.08887199999999999,64,fading,fading,2026-01-08,8.0,2026-01-08,5.0
netto brito,0.005076,1.0,"(0,0,1)",,,197.0,200.0,0.152422,3.0,"(1,1,1)",26.0,27.0,13.0,20.0,False,,False,False,0.157498,31,single,rising,2026-04-02,1.0,2026-01-08,13.0
nilo,0.036197,3.0,"(1,1,1)",68.0,76.0,120.0,68.0,,,,,,,,False,,False,False,0.036197,120,falling,absent,2026-01-08,13.0,,
o kannalha,0.00565,1.0,"(0,1,0)",,177.0,,190.0,,,,,,,,False,,False,False,0.00565,276,single,absent,2026-02-19,1.0,,
o muriel,,,,,,,,0.043056,2.0,"(1,1,0)",45.0,48.0,,60.0,False,,False,False,0.043056,104,absent,fading,,,2026-01-08,6.0
o rappa,0.022064,3.0,"(1,1,1)",142.0,160.0,114.0,105.0,0.022601,2.0,"(1,0,1)",99.0,,80.0,94.0,False,,False,False,0.044664999999999996,102,rising,intermittent,2026-01-08,11.0,2026-01-08,5.0
ogryzek,,,,,,,,0.011628,1.0,"(1,0,0)",86.0,,,140.0,False,,False,False,0.011628,240,absent,single,,,2026-01-22,1.0
olivia dean,0.011179,2.0,"(0,1,1)",,175.0,183.0,161.0,,,,,,,,False,,False,False,0.011179,244,new,absent,2026-02-26,3.0,,
organico,,,,,,,,0.019231,1.0,"(0,0,1)",,,52.0,105.0,False,,False,False,0.019231,183,absent,single,,,2026-03-26,2.0
orochi,0.019213,3.0,"(1,1,1)",132.0,177.0,167.0,118.0,0.038977,3.0,"(1,1,1)",81.0,81.0,70.0,66.0,True,Orochi,False,False,0.05819,84,falling,stable,2026-01-08,11.0,2026-01-08,7.0
oruam,0.05506,2.0,"(0,1,1)",,42.0,32.0,46.0,0.327381,3.0,"(1,1,1)",56.0,7.0,6.0,9.0,True,Oruam,False,False,0.382441,13,new,rising,2026-02-19,7.0,2026-01-08,13.0
panda,1.166667,3.0,"(1,1,1)",3.0,3.0,2.0,5.0,0.165132,3.0,"(1,1,1)",19.0,20.0,16.0,18.0,True,Panda,False,False,1.331799,6,rising,rising,2026-01-08,13.0,2026-01-08,13.0
patrick costa,0.032796,2.0,"(0,1,1)",,60.0,62.0,72.0,,,,,,,,False,,False,False,0.032796,129,new,absent,2026-02-19,6.0,,
paulo pires,0.026084,2.0,"(1,1,0)",82.0,72.0,,91.0,,,,,,,,False,,False,False,0.026084,147,fading,absent,2026-01-29,3.0,,
pedro paulo alex,0.03663,2.0,"(1,1,0)",39.0,91.0,,66.0,,,,,,,,False,,False,False,0.03663,118,fading,absent,2026-01-08,3.0,,
pedro sampaio,1.75,3.0,"(1,1,1)",2.0,1.0,4.0,2.0,3.0,3.0,"(1,1,1)",1.0,1.0,1.0,1.0,True,PEDRO SAMPAIO,False,False,4.75,1,falling,stable,2026-01-08,13.0,2026-01-08,13.0
pele milflows,,,,,,,,0.023513,2.0,"(1,0,1)",95.0,,77.0,87.0,False,,False,False,0.023513,154,absent,intermittent,,,2026-01-22,3.0
pineapple stormtv,0.005051,1.0,"(0,0,1)",,,198.0,205.0,,,,,,,,False,,False,False,0.005051,287,single,absent,2026-03-12,1.0,,
pinkpantheress,0.011765,1.0,"(0,0,1)",,,85.0,157.0,,,,,,,,False,,False,False,0.011765,239,single,absent,2026-03-05,5.0,,
preta gil,0.007874,1.0,"(0,0,1)",,,127.0,177.0,,,,,,,,False,,False,False,0.007874,268,single,absent,2026-03-12,4.0,,
preto no branco,,,,,,,,0.013889,1.0,"(0,0,1)",,,72.0,122.0,False,,False,False,0.013889,216,absent,single,,,2026-03-26,1.0
prey,,,,,,,,0.013514,1.0,"(1,0,0)",74.0,,,125.0,False,,False,False,0.013514,220,absent,single,,,2026-01-08,2.0
priscila senna,,,,,,,,0.057534,3.0,"(1,1,1)",54.0,55.0,48.0,48.0,False,,False,False,0.057534,87,absent,stable,,,2026-01-08,13.0
prod gomes,0.013787,2.0,"(1,1,0)",132.0,161.0,,144.0,,,,,,,,False,,False,False,0.013787,217,fading,absent,2026-01-08,6.0,,
prodnifour,0.014996,2.0,"(0,1,1)",,177.0,107.0,136.0,,,,,,,,False,,False,False,0.014996,209,new,absent,2026-02-05,8.0,,
racionais mcs,0.022096,3.0,"(1,1,1)",160.0,137.0,117.0,104.0,0.036077,3.0,"(1,1,1)",100.0,98.0,63.0,69.0,True,Racionais MC's,False,False,0.058173,85,rising,rising,2026-01-15,12.0,2026-01-22,5.0
rafa e junior,0.088353,3.0,"(1,1,1)",27.0,40.0,38.0,34.0,,,,,,,,False,,False,False,0.088353,65,falling,absent,2026-01-08,13.0,,
raffa torres,0.0152,2.0,"(1,1,0)",152.0,116.0,,134.0,,,,,,,,False,,False,False,0.0152,206,fading,absent,2026-01-29,4.0,,
raye,0.010903,2.0,"(1,1,0)",187.0,180.0,,163.0,,,,,,,,False,,False,False,0.010903,249,fading,absent,2026-01-29,3.0,,
regis danese,,,,,,,,0.022917,2.0,"(0,1,1)",,96.0,80.0,92.0,False,,False,False,0.022917,159,absent,new,,,2026-02-05,2.0
reset,0.018182,1.0,"(1,0,0)",55.0,,,123.0,,,,,,,,False,,False,False,0.018182,187,single,absent,2026-01-08,3.0,,
rey vaqueiro,0.006536,1.0,"(1,0,0)",153.0,,,182.0,0.058084,3.0,"(1,1,1)",51.0,51.0,53.0,46.0,False,,False,False,0.06462,78,single,stable,2026-01-08,1.0,2026-01-08,13.0
sabrina carpenter,0.022527,2.0,"(0,1,1)",,140.0,65.0,99.0,0.011111,1.0,"(0,0,1)",,,90.0,146.0,False,,False,False,0.033638,127,new,single,2026-02-05,9.0,2026-03-26,2.0
saiddy bamba,,,,,,,,0.010753,1.0,"(0,1,0)",,93.0,,152.0,False,,False,False,0.010753,252,absent,single,,,2026-02-19,1.0
sant,,,,,,,,0.010638,1.0,"(1,0,0)",94.0,,,153.0,False,,False,False,0.010638,253,absent,single,,,2026-01-22,1.0
sarah beatriz,,,,,,,,0.010989,1.0,"(0,0,1)",,,91.0,150.0,False,,False,False,0.010989,248,absent,single,,,2026-03-05,5.0
seven plus,,,,,,,,0.026389,2.0,"(1,1,0)",72.0,80.0,,84.0,False,,False,False,0.026389,146,absent,fading,,,2026-01-08,7.0
shakira,,,,,,,,0.036001,2.0,"(1,1,0)",51.0,61.0,,71.0,False,,False,False,0.036001,121,absent,fading,,,2026-01-08,8.0
shevchenko e elloco,,,,,,,,0.098571,3.0,"(1,1,1)",20.0,35.0,50.0,29.0,False,,False,False,0.098571,59,absent,falling,,,2026-01-08,10.0
simone mendes,0.028015,3.0,"(1,1,1)",93.0,112.0,120.0,87.0,0.116585,3.0,"(1,1,1)",21.0,29.0,29.0,24.0,True,Simone Mendes,False,False,0.1446,34,falling,falling,2026-01-08,13.0,2026-01-08,13.0
som de faculdade,0.027778,1.0,"(1,0,0)",36.0,,,88.0,,,,,,,,False,,False,False,0.027778,143,single,absent,2026-01-08,3.0,,
sombr,0.017614,3.0,"(1,1,1)",183.0,157.0,173.0,126.0,,,,,,,,False,,False,False,0.017614,193,stable,absent,2026-01-08,11.0,,
songs five music,0.013747,2.0,"(1,1,0)",125.0,174.0,,145.0,,,,,,,,False,,False,False,0.013747,218,fading,absent,2026-01-08,5.0,,
sorriso maroto,0.012381,2.0,"(1,1,0)",150.0,175.0,,152.0,0.012658,1.0,"(1,0,0)",79.0,,,131.0,False,,False,False,0.025039,150,fading,single,2026-01-08,5.0,2026-01-08,3.0
sotam,0.029048,3.0,"(1,1,1)",148.0,95.0,85.0,82.0,,,,,,,,False,,False,False,0.029048,137,rising,absent,2026-01-15,12.0,,
suel,0.015584,2.0,"(1,1,0)",105.0,165.0,,133.0,,,,,,,,False,,False,False,0.015584,203,fading,absent,2026-01-08,6.0,,
talita mel,0.011552,2.0,"(1,1,0)",159.0,190.0,,159.0,0.086739,3.0,"(1,1,1)",25.0,40.0,46.0,36.0,False,,False,False,0.09829099999999999,60,fading,falling,2026-01-08,2.0,2026-01-08,9.0
taylor swift,0.056326,3.0,"(1,1,1)",40.0,58.0,71.0,44.0,0.053397,3.0,"(1,1,1)",42.0,58.0,81.0,56.0,True,Taylor Swift,False,False,0.109723,52,falling,falling,2026-01-08,13.0,2026-01-08,10.0
tears for fears,0.005076,1.0,"(1,0,0)",197.0,,,201.0,,,,,,,,False,,False,False,0.005076,285,single,absent,2026-01-08,1.0,,
teddy swims,0.016135,3.0,"(1,1,1)",188.0,175.0,196.0,130.0,,,,,,,,False,,False,False,0.016135,197,stable,absent,2026-01-15,7.0,,
thales lessa,0.046739,2.0,"(1,1,0)",40.0,46.0,,57.0,,,,,,,,False,,False,False,0.046739,100,fading,absent,2026-01-15,7.0,,
the box,,,,,,,,0.013699,1.0,"(0,1,0)",,73.0,,123.0,False,,False,False,0.013699,219,absent,single,,,2026-02-05,1.0
the goo goo dolls,0.011984,2.0,"(0,1,1)",,193.0,147.0,156.0,0.011364,1.0,"(0,0,1)",,,88.0,142.0,False,,False,False,0.023348,155,new,single,2026-02-12,7.0,2026-04-02,1.0
the neighbourhood,0.020324,3.0,"(1,1,1)",150.0,166.0,131.0,114.0,,,,,,,,False,,False,False,0.020324,178,stable,absent,2026-01-08,12.0,,
the police,0.029491,3.0,"(1,1,1)",86.0,110.0,114.0,80.0,,,,,,,,False,,False,False,0.029491,136,falling,absent,2026-01-08,13.0,,
theuzinho,,,,,,,,0.073038,3.0,"(1,1,1)",35.0,44.0,46.0,39.0,False,,False,False,0.073038,70,absent,falling,,,2026-01-08,10.0
toca aquela,0.035714,1.0,"(1,0,0)",28.0,,,69.0,,,,,,,,False,,False,False,0.035714,123,single,absent,2026-01-08,4.0,,
tony salles,0.006289,1.0,"(0,1,0)",,159.0,,185.0,0.015625,1.0,"(0,1,0)",,64.0,,114.0,False,,False,False,0.021914,169,single,single,2026-02-19,1.0,2026-02-19,1.0
toque dez,,,,,,,,0.113849,3.0,"(1,1,1)",23.0,27.0,30.0,25.0,False,,False,False,0.113849,48,absent,falling,,,2026-01-08,13.0
traia veia,0.017857,1.0,"(1,0,0)",56.0,,,124.0,,,,,,,,False,,False,False,0.017857,190,single,absent,2026-01-08,4.0,,
tribo da periferia,,,,,,,,0.012987,1.0,"(1,0,0)",77.0,,,129.0,False,,False,False,0.012987,227,absent,single,,,2026-01-22,2.0
turma da batatinha,,,,,,,,0.010417,1.0,"(1,0,0)",96.0,,,160.0,False,,False,False,0.010417,258,absent,single,,,2026-01-08,1.0
turma do pagode,0.108765,3.0,"(1,1,1)",26.0,33.0,25.0,29.0,,,,,,,,False,,False,False,0.108765,54,stable,absent,2026-01-08,13.0,,
tyler,0.00578,1.0,"(0,0,1)",,,173.0,189.0,,,,,,,,False,,False,False,0.00578,275,single,absent,2026-03-26,2.0,,
us agroboy,0.022222,1.0,"(1,0,0)",45.0,,,101.0,,,,,,,,False,,False,False,0.022222,165,single,absent,2026-01-08,3.0,,
valesca mayssa,,,,,,,,0.017857,1.0,"(0,0,1)",,,56.0,107.0,False,,False,False,0.017857,191,absent,single,,,2026-03-19,3.0
veigh,0.066667,3.0,"(1,1,1)",48.0,48.0,40.0,38.0,0.078061,3.0,"(1,1,1)",43.0,37.0,36.0,38.0,True,Veigh,False,False,0.14472800000000002,33,rising,rising,2026-01-08,13.0,2026-01-08,13.0
vitinho imperador,0.433766,3.0,"(1,1,1)",5.0,7.0,11.0,10.0,0.428571,3.0,"(1,1,1)",7.0,7.0,7.0,7.0,True,Vitinho Imperador,False,False,0.8623369999999999,9,falling,stable,2026-01-08,13.0,2026-01-08,13.0
vitor limma,0.022568,3.0,"(1,1,1)",121.0,135.0,145.0,98.0,,,,,,,,False,,False,False,0.022568,162,falling,absent,2026-01-08,13.0,,
vitor santana,0.022194,3.0,"(1,1,1)",147.0,139.0,122.0,102.0,,,,,,,,False,,False,False,0.022194,167,rising,absent,2026-01-08,12.0,,
void,,,,,,,,0.173929,3.0,"(1,1,1)",14.0,16.0,25.0,15.0,False,,False,False,0.173929,27,absent,falling,,,2026-01-08,13.0
wesley safadao,0.01841,2.0,"(1,1,0)",90.0,137.0,,121.0,,,,,,,,False,,False,False,0.01841,186,fading,absent,2026-01-08,7.0,,
xama,0.017484,3.0,"(1,1,1)",184.0,180.0,154.0,128.0,,,,,,,,False,,False,False,0.017484,195,rising,absent,2026-01-08,9.0,,
xand aviao,0.005181,1.0,"(1,0,0)",193.0,,,199.0,,,,,,,,True,Xand Avião,False,False,0.005181,284,single,absent,2026-01-08,1.0,,
yago oproprio,,,,,,,,0.0226,2.0,"(0,1,1)",,88.0,89.0,95.0,False,,False,False,0.0226,161,absent,new,,,2026-02-12,7.0
yasmin sensacao,0.071113,3.0,"(1,1,1)",29.0,42.0,78.0,37.0,0.155526,3.0,"(1,1,1)",10.0,23.0,83.0,19.0,True,Yasmin Sensação,False,False,0.22663899999999998,23,falling,falling,2026-01-08,13.0,2026-01-08,9.0
ze elias,0.006061,1.0,"(0,0,1)",,,165.0,187.0,,,,,,,,False,,False,False,0.006061,273,single,absent,2026-03-19,1.0,,
ze felipe,0.019507,2.0,"(0,1,1)",,72.0,178.0,117.0,0.055303,2.0,"(1,1,0)",33.0,40.0,,52.0,False,,False,False,0.07481,69,new,fading,2026-02-05,5.0,2026-01-08,7.0
ze neto cristiano,0.041671,3.0,"(1,1,1)",66.0,78.0,73.0,61.0,,,,,,,,False,,False,False,0.041671,107,stable,absent,2026-01-08,13.0,,
zeze di camargo,,,,,,,,0.020833,1.0,"(0,0,1)",,,48.0,100.0,False,,False,False,0.020833,175,absent,single,,,2026-03-12,4.0
zeze di camargo luciano,0.021106,3.0,"(1,1,1)",161.0,140.0,129.0,111.0,,,,,,,,False,,False,False,0.021106,173,rising,absent,2026-01-15,12.0,,
zxkai,,,,,,,,0.144488,3.0,"(1,1,1)",22.0,18.0,23.0,21.0,False,,False,False,0.144488,35,absent,stable,,,2026-01-08,13.0
aaron modesto,,,,,,,,,,,,,,,True,Aaron Modesto,True,True,,,absent,absent,,,,
boladin 211,,,,,,,,,,,,,,,True,Boladin 211,True,True,,,absent,absent,,,,
bvga beatz,,,,,,,,,,,,,,,True,Bvga Beatz,True,True,,,absent,absent,,,,
dj andrabeat,,,,,,,,,,,,,,,True,Dj Andrabeat,True,True,,,absent,absent,,,,
dj davi dogdog,,,,,,,,,,,,,,,True,DJ DAVI DOGDOG,True,True,,,absent,absent,,,,
dj felipe maia,,,,,,,,,,,,,,,True,Dj Felipe Maia,True,True,,,absent,absent,,,,
dj gordinho da vf,,,,,,,,,,,,,,,True,DJ GORDINHO DA VF,True,True,,,absent,absent,,,,
dj guh mix,,,,,,,,,,,,,,,True,DJ Guh Mix,True,True,,,absent,absent,,,,
dj kaioken,,,,,,,,,,,,,,,True,DJ Kaioken,True,True,,,absent,absent,,,,
dul,,,,,,,,,,,,,,,True,DU'L,True,True,,,absent,absent,,,,
grelo,,,,,,,,,,,,,,,True,Grelo,True,True,,,absent,absent,,,,
gubeatz,,,,,,,,,,,,,,,True,Gubeatz,True,True,,,absent,absent,,,,
marquinho no beat,,,,,,,,,,,,,,,True,Marquinho no Beat,True,True,,,absent,absent,,,,
mc dr,,,,,,,,,,,,,,,True,Mc DR,True,True,,,absent,absent,,,,
mc gh original,,,,,,,,,,,,,,,True,MC GH Original,True,True,,,absent,absent,,,,
mc gw,,,,,,,,,,,,,,,True,Mc Gw,True,True,,,absent,absent,,,,
mc jhey,,,,,,,,,,,,,,,True,Mc Jhey,True,True,,,absent,absent,,,,
mc menor zl,,,,,,,,,,,,,,,True,MC Menor ZL,True,True,,,absent,absent,,,,
mc morena,,,,,,,,,,,,,,,True,Mc Morena,True,True,,,absent,absent,,,,
mc rick,,,,,,,,,,,,,,,True,MC Rick,True,True,,,absent,absent,,,,
mc rn do capao,,,,,,,,,,,,,,,True,MC RN do Capão,True,True,,,absent,absent,,,,
mc rodrigo do cn,,,,,,,,,,,,,,,True,Mc Rodrigo do CN,True,True,,,absent,absent,,,,
melk villar,,,,,,,,,,,,,,,True,Melk Villar,True,True,,,absent,absent,,,,
melody,,,,,,,,,,,,,,,True,Melody,True,True,,,absent,absent,,,,
stick,,,,,,,,,,,,,,,True,Stick,True,True,,,absent,absent,,,,
torelli,,,,,,,,,,,,,,,True,Torelli,True,True,,,absent,absent,,,,
vinicius cruz,,,,,,,,,,,,,,,True,Vinicius Cruz,True,True,,,absent,absent,,,,
icaro e gilmar,,,,,,,,,,,,,,,True,Ícaro e Gilmar,True,True,,,absent,absent,,,,
